{
  "title": "Lê Lợi Khởi Nghĩa",
  "author": "Lịch sử Việt Nam",
  "genre": "Lịch sử",
  "description": "Khởi nghĩa Lam Sơn năm 1418 do Lê Lợi lãnh đạo.",
  "image": "images/demo.jpg",
  "audio": {
    "bac": "audio/bac/demo.mp3",
    "trung": "audio/trung/demo.mp3",
    "nam": "audio/nam/demo.mp3"
  },
  "chapters": [
    {
      "chapterNumber": 1,
      "title": "Tụ nghĩa ở Lam Sơn",
      "content": "Lê Lợi cùng nghĩa sĩ tụ họp khởi nghĩa chống quân Minh."
    }
  ]
}